"Category","Offense",1980,1981,1982,1983,1984,1985,1986,1987,1988,1989,1990,1991,1992,1993,1994,1995,1996,1997,1998,1999,2000,2001,2002,2003,2004,2005,2006,2007,2008,2009,2010,2011,2012,2013,2014,2015,2016,2017,2018
"Juvenile Arrest Rates (Arrest of Persons Age 10-17/100,000 Persons Ages 10-17)","All crimes",6396.6,6370.3,6607.7,6073.9,6110.2,6466.1,6728.5,6808.2,7263.8,7339.1,7244.5,7466.4,7294.5,7509.3,8157.2,8228.3,8476.2,8211.3,7421.4,6757.2,6493.6,6202.2,6232.4,6078.1,5998.2,5907.1,6072.8,5983.5,5833.6,5343.8,4856.9,4366.4,3940.3,3237.2,3060.6,2753.6,2552.9,2409.7,2167.1
"Juvenile Arrest Rates (Arrest of Persons Age 10-17/100,000 Persons Ages 10-17)","Murder and nonneglient manslaughter",5.8,6.6,6.1,5.1,4.6,5.3,5.9,6.4,8.5,9.8,11.4,11.9,11.3,12.8,12.3,10.7,8.9,7.6,6.5,4.4,3.6,3.8,3.9,3.7,3.2,3.7,3.7,3.9,3.7,3.5,3.0,2.5,2.2,2.3,2.3,2.4,2.6,2.7,2.7
"Juvenile Arrest Rates (Arrest of Persons Age 10-17/100,000 Persons Ages 10-17)","Forcible rape*",14.9,15.2,16.2,16.6,19.1,19.6,20.3,20.0,19.9,21.7,21.1,22.4,21.4,21.3,19.7,18.3,17.8,17.0,16.3,14.7,13.4,13.5,13.7,12.2,12.2,11.6,10.4,10.4,9.7,9.2,8.5,8.3,7.6,"NA","NA","NA","NA","NA","NA"
"Juvenile Arrest Rates (Arrest of Persons Age 10-17/100,000 Persons Ages 10-17)","Robbery",145.1,146.5,137.5,129.7,121.9,121.9,119.4,110.6,116.9,137.7,145.4,158.6,159.3,167.5,183.5,181.9,159.9,126.9,106.2,91.5,83.5,79.4,72.7,74.1,74.0,84.4,101.3,100.2,103.7,93.9,80.8,70.9,64.5,57.8,58.7,55.6,57.6,57.8,51.7
"Juvenile Arrest Rates (Arrest of Persons Age 10-17/100,000 Persons Ages 10-17)","Aggravated assault",129.6,128.5,133.9,128.0,133.2,145.6,158.0,158.4,188.2,217.2,233.3,240.7,257.8,268.8,282.0,275.7,244.5,240.3,224.2,209.1,198.2,192.9,181.9,177.5,174.5,177.0,174.9,165.6,163.2,146.8,132.2,120.6,108.2,92.3,90.3,85.4,83.7,83.9,83.1
"Juvenile Arrest Rates (Arrest of Persons Age 10-17/100,000 Persons Ages 10-17)","Burglary",728.4,707.5,684.6,609.8,553.0,585.2,568.7,551.7,547.4,535.7,506.0,514.6,494.8,467.9,473.1,443.3,430.9,405.3,356.0,298.0,283.6,264.4,251.5,243.9,234.3,225.7,240.7,236.5,244.2,220.0,192.4,183.6,160.4,128.6,121.1,106.3,95.3,91.6,66
"Juvenile Arrest Rates (Arrest of Persons Age 10-17/100,000 Persons Ages 10-17)","Larceny-theft",1409.2,1395.0,1436.2,1402.7,1429.6,1504.4,1545.4,1590.2,1666.1,1637.0,1635.8,1668.4,1578.5,1539.9,1665.4,1643.1,1594.3,1545.7,1285.6,1129.6,1086.3,1015.9,985.3,937.5,929.4,848.8,799.5,866.5,942.7,937.6,832.3,755.1,671.0,558.3,531.1,467.3,401.2,353.6,276.2
"Juvenile Arrest Rates (Arrest of Persons Age 10-17/100,000 Persons Ages 10-17)","Motor vehicle theft",201.6,169.8,156.8,142.3,149.7,180.8,217.5,244.1,304.7,343.5,333.2,323.1,305.2,299.0,295.5,265.9,234.9,208.7,167.3,154.5,153.6,144.5,135.8,130.7,115.3,110.4,100.6,85.9,73.3,59.0,46.8,41.8,39.3,35.0,38.2,43.7,47.2,48.8,44.2
"Juvenile Arrest Rates (Arrest of Persons Age 10-17/100,000 Persons Ages 10-17)","Arson",23.9,23.6,21.6,21.0,22.9,23.3,22.6,21.8,24.9,24.7,25.3,28.3,29.4,29.1,33.9,30.6,28.5,29.4,25.2,24.3,23.1,25.8,22.0,22.4,21.1,22.0,22.2,19.6,18.0,15.0,12.8,13.9,12.4,10.4,9.0,7.7,7.3,6.5,5.3
"Juvenile Arrest Rates (Arrest of Persons Age 10-17/100,000 Persons Ages 10-17)","Simple assault",276.3,270.7,287.8,292.6,281.4,333.7,360.8,401.1,450.6,502.2,532.6,571.9,585.6,630.6,696.2,703.0,742.7,761.7,731.0,701.0,700.1,709.0,692.5,698.2,724.8,720.1,719.2,697.3,676.7,645.2,618.9,564.3,514.2,437.8,418.2,390.5,382.2,364.9,370.9
"Juvenile Arrest Rates (Arrest of Persons Age 10-17/100,000 Persons Ages 10-17)","Vandalism",372.1,350.3,339.4,340.5,354.8,378.5,368.4,379.6,399.0,415.4,449.9,478.5,477.2,465.8,487.7,437.2,438.0,418.7,381.0,343.7,333.5,304.6,301.8,303.3,293.5,297.6,335.4,319.2,309.0,263.8,225.2,199.6,176.9,138.3,133.4,123.4,115.5,108.2,90.2
"Juvenile Arrest Rates (Arrest of Persons Age 10-17/100,000 Persons Ages 10-17)","Weapons law violations",84.9,89.2,89.3,85.2,92.8,104.2,106.6,105.9,131.3,142.1,144.4,172.6,187.6,208.1,209.2,185.8,167.8,164.1,138.0,126.1,109.7,109.7,102.8,113.4,117.2,129.8,135.5,125.9,115.8,98.9,91.7,82.7,72.7,60.2,61.4,57.4,57.6,54.6,50.8
"Juvenile Arrest Rates (Arrest of Persons Age 10-17/100,000 Persons Ages 10-17)","Drug abuse violations",357.7,302.7,307.9,268.7,291.7,330.3,293.0,317.5,382.3,415.0,296.6,287.5,313.5,385.1,533.1,642.4,683.4,684.5,630.6,592.4,602.3,603.8,553.8,581.5,566.4,562.6,573.9,570.5,528.4,504.7,507.0,444.2,420.6,352.9,341.8,298.0,295.5,283.7,271.2
"Juvenile Arrest Rates (Arrest of Persons Age 10-17/100,000 Persons Ages 10-17)","Driving under the influence",106.3,101.3,110.5,103.1,87.7,86.4,101.5,88.5,89.3,75.1,74.6,66.4,52.0,46.4,46.3,49.5,58.9,62.5,65.6,69.3,64.5,62.3,64.0,61.0,57.5,52.1,57.1,52.3,46.7,39.8,35.7,30.3,28.2,22.8,20.8,19.8,19.4,18.2,16.3
"Juvenile Arrest Rates (Arrest of Persons Age 10-17/100,000 Persons Ages 10-17)","Liquor law violations",495.3,482.7,502.0,461.4,465.1,496.7,589.0,589.9,621.0,569.2,577.3,519.5,421.8,395.4,409.3,418.7,515.5,442.8,428.9,425.0,397.9,326.2,430.7,392.2,367.7,363.3,406.1,406.6,380.9,326.9,281.7,263.6,233.8,178.2,154.1,129.8,110.2,100.4,78.8
"Juvenile Arrest Rates (Arrest of Persons Age 10-17/100,000 Persons Ages 10-17)","Drunkenness",144.8,130.7,139.8,113.1,107.8,97.8,113.3,88.3,88.0,80.2,88.8,78.9,66.0,57.5,61.9,67.4,76.3,77.4,78.7,63.8,66.5,61.4,55.2,50.8,48.5,46.2,47.4,49.2,45.6,40.8,37.7,34.2,29.7,22.1,19.4,16.4,14.3,12.8,9.8
"Juvenile Arrest Rates (Arrest of Persons Age 10-17/100,000 Persons Ages 10-17)","Disorderly conduct",408.9,395.5,449.7,369.2,322.3,333.8,348.5,367.2,420.1,433.5,429.2,467.9,469.3,495.0,567.4,572.6,689.6,679.9,564.2,507.8,485.7,491.1,568.7,564.7,578.8,593.7,605.0,589.5,552.7,501.8,461.7,413.8,358.7,285.2,240.5,212.7,195.5,185.9,171.6
"Juvenile Arrest Rates (Arrest of Persons Age 10-17/100,000 Persons Ages 10-17)","Curfew and loitering",229.4,311.1,305.6,256.4,301.7,287.5,307.3,321.5,261.6,284.0,294.2,333.5,317.0,341.5,428.1,490.3,593.9,577.6,587.5,515.6,469.7,428.0,417.8,400.6,401.8,409.9,444.4,416.7,391.0,333.0,281.2,229.4,209.9,168.7,160.1,133.8,102.1,89.8,65.6
"Juvenile Arrest Rates (Arrest of Persons Age 10-17/100,000 Persons Ages 10-17)","Running away",489.6,497.8,461.7,437.3,508.3,564.4,584.8,572.1,601.7,579.5,628.8,629.2,627.3,611.7,825.0,811.9,625.8,617.4,512.4,454.7,428.6,396.3,369.1,360.9,346.7,315.8,330.8,316.3,319.8,275.4,"NA","NA","NA","NA","NA","NA","NA","NA","NA"
"Juvenile Arrest Rates (Arrest of Persons Age 10-17/100,000 Persons Ages 10-17)","Violent crimes*",280.5,281.6,277.5,262.7,259.7,272.8,283.3,275.4,313.6,364.8,390.2,411.2,428.5,449.1,477.8,468.3,413.4,374.8,336.9,305.0,285.3,276.1,258.6,255.3,251.7,265.1,279.9,269.8,270.6,244.1,216.0,194.0,174.9,152.4,151.2,143.4,143.9,144.5,137.6
"Juvenile Arrest Rates (Arrest of Persons Age 10-17/100,000 Persons Ages 10-17)","Property crime index",2363.0,2295.9,2299.3,2175.8,2155.1,2293.7,2354.3,2407.9,2543.1,2540.8,2500.3,2534.4,2407.9,2336.0,2468.0,2382.8,2288.7,2189.1,1834.1,1606.3,1546.6,1450.6,1394.6,1334.4,1300.1,1207.0,1163.0,1208.5,1278.2,1231.6,1084.3,994.5,883.1,732.4,699.4,625.1,551.0,500.5,391.7
"Juvenile Male Arrest Rates (Arrests of Males Ages 10-17/100,000 Males Ages 10-17)","All crimes",10320.8,10244.1,10582.5,9654.4,9663.5,10194.7,10615.1,10661.7,11440.5,11554.4,11321.5,11679.6,11372.0,11570.5,12440.4,12475.4,12686.6,12172.6,10911.8,9884.2,9415.2,8905.6,8849.9,8619.7,8392.4,8302.4,8597.0,8397.6,8142.1,7389.1,6702.1,6037,5460.6,4507.4,4265.8,3809.2,3521.2,3347.3,2983.7
"Juvenile Male Arrest Rates (Arrests of Males Ages 10-17/100,000 Males Ages 10-17)","Murder and nonneglient manslaughter",10.5,11.8,11.0,8.9,8.2,9.5,10.8,11.4,15.5,17.9,21.2,22.1,20.8,23.5,22.5,19.5,16.2,13.9,11.6,7.8,6.2,6.6,6.9,6.4,5.7,6.5,6.8,7.0,6.7,6.3,5.3,4.5,3.9,3.9,4.1,4.3,4.5,4.9,4.8
"Juvenile Male Arrest Rates (Arrests of Males Ages 10-17/100,000 Males Ages 10-17)","Forcible rape*",28.7,29.3,31.2,32.1,36.9,37.6,38.9,38.2,38.0,41.4,40.3,42.8,40.9,40.8,37.6,34.8,34.2,32.5,31.2,28.0,25.8,26.0,25.9,23.3,23.2,22.1,20.0,20.0,18.7,17.6,16.2,16.0,14.6,"NA","NA","NA","NA","NA","NA"
"Juvenile Male Arrest Rates (Arrests of Males Ages 10-17/100,000 Males Ages 10-17)","Robbery",264.4,266.5,251.0,236.9,222.7,222.1,217.0,200.8,210.8,245.8,259.2,282.3,283.7,297.2,324.6,321.5,281.6,223.9,187.4,161.4,147.7,140.9,129.4,131.8,130.4,149.2,178.9,176.6,183.6,164.8,142.2,126.1,113.4,102.2,103.3,97.4,100.9,101.5,89.8
"Juvenile Male Arrest Rates (Arrests of Males Ages 10-17/100,000 Males Ages 10-17)","Aggravated assault",215.2,212.5,219.9,209.6,216.8,239.8,260.3,260.7,310.9,360.5,385.1,397.9,419.0,431.1,447.2,430.7,379.9,370.1,339.7,315.7,295.7,287.0,269.5,263.5,259.0,262.2,260.9,247.9,243.2,215.5,193.9,176.6,156.6,133.6,132.1,124.2,121.4,120.7,117.7
"Juvenile Male Arrest Rates (Arrests of Males Ages 10-17/100,000 Males Ages 10-17)","Burglary",1336.3,1297.6,1252.1,1113.4,1004.2,1062.2,1028.8,997.5,988.8,962.6,908.2,919.9,880.4,825.2,835.1,780.0,755.2,708.6,616.7,516.0,490.1,454.8,435.9,420.5,404.4,390.7,417.6,408.7,419.7,380.3,332.6,317.4,277.1,222.9,209.7,180.5,164.8,158.5,112.8
"Juvenile Male Arrest Rates (Arrests of Males Ages 10-17/100,000 Males Ages 10-17)","Larceny-theft",2040.4,2012.2,2072.3,2013.5,2048.7,2140.5,2216.9,2247.7,2386.8,2332.7,2282.4,2323.8,2178.0,2073.7,2213.0,2177.1,2069.0,1991.0,1642.7,1423.2,1335.8,1210.4,1167.4,1110.8,1055.9,962.3,925.9,964.5,1031.6,996.8,886.2,832.1,764.2,650.2,618.6,545.0,464.7,434,329.1
"Juvenile Male Arrest Rates (Arrests of Males Ages 10-17/100,000 Males Ages 10-17)","Motor vehicle theft",354.3,297.1,273.1,248.2,260.1,313.4,379.2,425.2,533.4,601.0,580.0,557.2,520.8,502.4,493.4,440.5,387.3,340.1,269.5,251.2,248.7,233.6,219.6,211.8,186.7,178.8,163.5,139.5,120.8,95.6,76.7,68.8,64.9,56.7,62.3,70.3,75.2,78,70.6
"Juvenile Male Arrest Rates (Arrests of Males Ages 10-17/100,000 Males Ages 10-17)","Arson",41.6,41.8,36.9,36.7,40.4,40.9,39.5,37.9,43.7,43.1,44.4,50.1,50.9,49.4,57.7,51.8,49.1,50.5,43.5,41.5,39.4,44.4,37.8,37.9,35.4,36.9,37.2,33.6,30.6,25.3,21.5,23.1,20.4,17.3,15.3,12.6,11.9,10.9,8.6
"Juvenile Male Arrest Rates (Arrests of Males Ages 10-17/100,000 Males Ages 10-17)","Simple assault",427.2,416.7,441.7,447.2,423.5,501.0,545.3,603.0,675.0,753.3,796.1,848.9,859.1,907.7,996.6,990.3,1042.9,1051.8,983.4,945.8,937.2,938.9,912.0,914.9,938.4,936.7,929.3,899.9,866.5,826.8,780.7,708.4,635.4,543.6,521.9,482.3,471.5,446.1,456.4
"Juvenile Male Arrest Rates (Arrests of Males Ages 10-17/100,000 Males Ages 10-17)","Vandalism",670.2,629.2,609.2,609.5,633.4,675.5,653.6,673.7,709.3,736.5,802.4,854.4,849.8,819.6,850.9,758.5,758.0,719.1,651.7,588.5,567.6,515.0,507.7,508.7,489.9,499.8,566.7,538.6,521.7,444.1,374.3,332.0,290.9,227.8,220.0,200.7,187.2,173.7,143.1
"Juvenile Male Arrest Rates (Arrests of Males Ages 10-17/100,000 Males Ages 10-17)","Weapons law violations",156.9,164.5,163.4,156.1,170.0,189.7,195.0,191.8,238.9,259.2,263.7,314.6,338.9,373.1,374.5,331.9,299.6,290.1,243.6,221.6,191.1,190.2,177.8,196.1,202.4,225.7,237.3,221.6,204.0,172.9,159.6,144.7,128.3,105.4,107.4,100.3,100.4,95.7,88.6
"Juvenile Male Arrest Rates (Arrests of Males Ages 10-17/100,000 Males Ages 10-17)","Drug abuse violations",584.2,497.7,504.3,439.9,484.2,550.0,490.9,537.3,652.5,714.6,513.4,500.8,545.8,668.2,914.2,1094.8,1156.6,1152.6,1060.1,988.4,1001.8,995.2,907.3,947.2,913.8,910.4,939.7,935.7,870.4,830.6,826.3,722.4,682.2,564.7,537.0,459.7,445.8,423.4,396.9
"Juvenile Male Arrest Rates (Arrests of Males Ages 10-17/100,000 Males Ages 10-17)","Driving under the influence",187.2,176.9,191.7,176.2,148.2,146.5,172.2,149.2,150.9,126.3,125.1,111.6,87.3,77.3,77.3,81.4,96.4,101.1,105.5,111.8,104.0,99.4,100.6,94.8,88.6,79.3,85.5,77.4,68.7,58.5,52.1,44.2,41.0,33.5,30.2,29.2,28.4,26.8,23.9
"Juvenile Male Arrest Rates (Arrests of Males Ages 10-17/100,000 Males Ages 10-17)","Liquor law violations",747.7,727.3,752.0,673.5,676.1,713.2,854.4,839.2,885.5,799.6,807.9,731.0,587.6,550.3,566.2,578.9,704.7,601.9,587.5,573.7,533.7,432.5,556.0,497.4,463.2,453.5,504.0,495.9,463.1,392.2,337.3,310.0,275.8,212.3,182.6,152.7,130,115.9,89.2
"Juvenile Male Arrest Rates (Arrests of Males Ages 10-17/100,000 Males Ages 10-17)","Drunkenness",245.2,220.1,234.7,186.9,177.4,160.1,187.4,144.5,144.5,130.6,146.2,129.9,107.4,93.5,100.6,110.2,122.6,125.4,124.8,99.7,103.8,93.9,84.0,75.8,72.6,68.5,69.1,71.4,67.5,59.4,53.9,49.2,42.0,31.5,27.3,22.9,19.8,17.5,13.1
"Juvenile Male Arrest Rates (Arrests of Males Ages 10-17/100,000 Males Ages 10-17)","Disorderly conduct",660.4,646.0,737.7,595.9,517.2,529.7,556.2,580.7,660.5,677.2,665.1,730.3,723.0,752.0,845.0,852.2,1016.3,981.2,793.3,712.4,678.4,673.2,772.8,757.8,759.8,777.7,789.3,766.7,723.7,652.6,591.2,527.3,452.6,365.0,309.3,268.9,244.1,231.1,214.7
"Juvenile Male Arrest Rates (Arrests of Males Ages 10-17/100,000 Males Ages 10-17)","Curfew and loitering",344.4,477.1,462.6,381.8,447.6,421.6,445.5,468.9,379.0,410.2,416.7,474.7,450.9,479.0,593.4,672.0,815.8,786.1,794.2,697.4,627.9,573.8,559.4,542.4,540.1,555.7,596.3,561.4,523.1,450.1,385.9,315.7,292.1,236.5,226.6,187.9,139.6,123.3,89.7
"Juvenile Male Arrest Rates (Arrests of Males Ages 10-17/100,000 Males Ages 10-17)","Running away",393.3,448.0,374.6,356.8,415.0,466.9,479.2,473.9,516.5,493.3,530.9,528.3,526.7,508.9,689.9,670.9,519.4,501.4,414.0,360.4,343.2,312.9,287.3,288.2,275.5,257.7,278.4,269.6,273.3,239.9,"NA","NA","NA","NA","NA","NA","NA","NA","NA"
"Juvenile Male Arrest Rates (Arrests of Males Ages 10-17/100,000 Males Ages 10-17)","Violent crimes*",490.1,490.8,481.8,455.3,447.8,471.4,488.0,473.0,537.2,624.3,665.5,702.3,723.4,751.8,794.3,771.7,677.8,607.9,538.8,484.9,449.6,434.5,405.8,401.7,395.1,417.9,446.6,431.6,433.5,386.6,341.3,307.1,273.9,239.7,239.4,225.9,226.8,227.2,212.4
"Juvenile Male Arrest Rates (Arrests of Males Ages 10-17/100,000 Males Ages 10-17)","Property crime index",3772.6,3648.7,3634.4,3411.9,3353.3,3557.0,3664.3,3708.3,3952.8,3939.4,3815.0,3851.1,3630.0,3450.8,3599.2,3449.5,3260.6,3090.2,2572.4,2231.9,2114.0,1943.2,1860.8,1781.0,1682.2,1568.7,1544.3,1546.4,1602.7,1498.0,1317.0,1241.4,1126.6,947.1,905.8,808.5,716.7,681.3,521
"Juvenile Female Arrest Rates (Arrests of Females Ages 10-17/100,000 Females Ages 10-17)","All crimes",2300.1,2322.2,2452.6,2326.9,2387.0,2552.5,2645.4,2754.1,2866.3,2899.6,2948.0,3023.1,2992.5,3223.7,3636.1,3744.5,4029.5,4028.3,3735.9,3455.5,3409.8,3351.3,3474.8,3401.6,3477.4,3384.9,3415.3,3443.3,3405.7,3193.6,2917.9,2615,2349.6,1910.5,1803,1652.4,1542.7,1431.9,1316
"Juvenile Female Arrest Rates (Arrests of Females Ages 10-17/100,000 Females Ages 10-17)","Murder and nonneglient manslaughter",0.9,1.1,1.0,1.1,0.9,1.0,0.8,1.2,1.2,1.3,1.2,1.1,1.3,1.5,1.5,1.4,1.2,1.0,1.0,0.7,0.8,0.8,0.8,0.9,0.6,0.7,0.4,0.6,0.5,0.5,0.6,0.4,0.4,0.5,0.4,0.3,0.5,0.4,0.6
"Juvenile Female Arrest Rates (Arrests of Females Ages 10-17/100,000 Females Ages 10-17)","Forcible rape*",0.6,0.5,0.5,0.4,0.4,0.7,0.8,0.9,0.8,1.0,0.8,0.9,0.9,0.8,0.8,0.8,0.6,0.7,0.6,0.6,0.3,0.4,0.8,0.5,0.7,0.5,0.3,0.4,0.3,0.4,0.4,0.4,0.3,"NA","NA","NA","NA","NA","NA"
"Juvenile Female Arrest Rates (Arrests of Females Ages 10-17/100,000 Females Ages 10-17)","Robbery",20.6,21.0,18.8,17.5,16.2,16.8,16.9,15.6,18.2,23.8,25.5,28.2,28.2,30.6,34.5,34.5,31.3,24.5,20.4,17.6,15.8,14.6,13.0,13.3,14.7,16.2,19.6,19.9,19.6,19.3,16.2,13.1,13.3,11.4,12.1,12.0,12.5,12.3,12
"Juvenile Female Arrest Rates (Arrests of Females Ages 10-17/100,000 Females Ages 10-17)","Aggravated assault",40.3,40.8,44.0,42.5,45.7,46.6,50.6,50.7,58.9,66.3,73.4,75.0,87.8,97.4,107.7,112.1,101.6,103.3,102.3,96.7,95.3,93.6,89.7,87.0,85.4,87.3,84.4,79.0,79.1,74.5,67.5,61.9,57.6,49.2,46.7,44.9,44.5,45.5,47
"Juvenile Female Arrest Rates (Arrests of Females Ages 10-17/100,000 Females Ages 10-17)","Burglary",93.9,90.8,91.3,82.7,80.3,84.6,85.4,82.7,82.7,86.1,82.2,87.2,88.1,90.9,91.0,87.7,88.4,84.9,80.7,67.8,65.7,63.7,57.1,57.9,55.2,52.0,54.4,55.3,59.7,51.5,45.1,43.4,38.3,30.1,28.7,29.0,22.9,21.9,17.2
"Juvenile Female Arrest Rates (Arrests of Females Ages 10-17/100,000 Females Ages 10-17)","Larceny-theft",750.3,750.1,771.3,763.4,780.9,836.7,840.0,898.6,907.2,904.3,954.3,977.2,946.1,976.6,1087.4,1079.3,1093.0,1075.6,908.6,819.6,823.0,810.8,793.5,754.9,796.4,729.3,666.4,763.3,849.1,875.4,775.6,674.5,573.6,462.4,439.9,386.3,334.9,269.8,221.2
"Juvenile Female Arrest Rates (Arrests of Females Ages 10-17/100,000 Females Ages 10-17)","Motor vehicle theft",42.1,36.7,35.3,31.5,34.0,41.6,47.7,53.6,64.0,72.3,73.1,76.1,77.8,84.2,86.6,81.5,74.0,69.9,59.4,52.3,53.2,50.4,47.4,45.3,40.2,38.5,34.5,29.5,23.3,20.4,15.4,13.5,12.5,12.4,13.0,16.0,17.9,18.3,16.7
"Juvenile Female Arrest Rates (Arrests of Females Ages 10-17/100,000 Females Ages 10-17)","Arson",5.3,4.7,5.6,4.5,4.5,4.8,4.9,4.9,5.1,5.2,5.2,5.3,6.7,7.8,8.8,8.1,6.8,7.2,5.8,6.1,5.9,6.2,5.4,6.0,6.0,6.4,6.4,4.9,4.7,4.2,3.6,4.3,4.0,3.2,2.4,2.6,2.4,1.9,1.9
"Juvenile Female Arrest Rates (Arrests of Females Ages 10-17/100,000 Females Ages 10-17)","Simple assault",118.8,118.2,126.9,130.9,132.5,158.1,167.0,188.6,214.3,237.7,255.0,279.8,297.1,338.0,379.1,399.7,425.6,455.3,464.6,442.6,449.8,466.7,461.2,470.0,500.0,492.0,498.1,484.0,477.1,454.3,448.9,413.3,387.5,327.3,310.0,294.7,289.1,280.3,281.8
"Juvenile Female Arrest Rates (Arrests of Females Ages 10-17/100,000 Females Ages 10-17)","Vandalism",60.8,58.8,57.3,59.0,63.0,66.7,68.9,70.2,72.3,77.3,78.5,82.1,84.1,92.4,104.2,97.9,100.1,101.6,95.2,85.3,86.4,82.7,84.9,87.0,86.8,84.8,91.8,88.4,85.4,74.2,68.6,60.7,57.6,44.8,43.0,42.7,40.7,39.9,35
"Juvenile Female Arrest Rates (Arrests of Females Ages 10-17/100,000 Females Ages 10-17)","Weapons law violations",9.8,10.6,11.8,11.0,11.9,14.5,13.8,15.5,17.9,18.8,18.7,22.8,27.8,33.9,34.8,31.4,28.7,30.9,26.4,25.2,23.8,24.9,23.8,26.2,27.6,28.8,28.3,25.3,23.1,21.2,20.4,17.7,14.4,12.9,13.4,12.8,12.9,11.7,11.4
"Juvenile Female Arrest Rates (Arrests of Females Ages 10-17/100,000 Females Ages 10-17)","Drug abuse violations",121.3,98.9,102.5,89.7,89.9,99.7,85.2,86.2,97.8,99.4,68.1,62.5,68.4,86.3,130.8,164.7,183.6,190.2,177.0,174.3,180.6,191.0,181.3,196.3,200.7,196.2,188.8,186.2,168.7,162.2,171.5,152.5,147.0,131.6,138.2,129.3,138.7,138.1,140.2
"Juvenile Female Arrest Rates (Arrests of Females Ages 10-17/100,000 Females Ages 10-17)","Driving under the influence",22.0,22.3,25.5,26.7,24.3,23.3,27.2,24.6,24.4,21.1,21.4,18.7,14.8,13.8,13.5,15.7,19.3,21.7,23.5,24.3,22.9,23.0,25.5,25.4,24.8,23.4,27.3,25.9,23.5,20.2,18.5,15.8,14.7,11.5,11.0,10.0,10.1,9.1,8.4
"Juvenile Female Arrest Rates (Arrests of Females Ages 10-17/100,000 Females Ages 10-17)","Liquor law violations",231.7,227.1,240.7,239.5,244.0,269.5,310.2,327.6,342.6,326.6,334.2,296.5,246.9,231.8,243.7,249.5,315.6,274.9,261.5,268.0,254.5,214.1,298.8,281.5,267.1,268.3,303.1,312.6,294.5,258.3,223.2,215.1,189.9,142.5,124.4,105.8,89.6,84.4,68
"Juvenile Female Arrest Rates (Arrests of Females Ages 10-17/100,000 Females Ages 10-17)","Drunkenness",40.1,37.3,40.6,35.8,34.9,32.5,35.5,29.2,28.5,27.2,28.3,25.2,22.3,19.6,21.1,22.2,27.5,26.7,30.2,25.9,27.2,27.1,24.8,24.5,23.1,22.6,24.5,25.8,22.6,21.3,20.8,18.4,16.8,12.2,11.3,9.6,8.5,7.9,6.2
"Juvenile Female Arrest Rates (Arrests of Females Ages 10-17/100,000 Females Ages 10-17)","Disorderly conduct",146.4,133.6,148.5,132.0,118.0,128.2,130.3,142.6,167.0,176.7,180.7,191.3,201.5,223.8,274.3,277.5,344.6,361.8,322.2,291.7,282.3,299.1,353.6,361.3,388.3,400.0,410.9,403.1,372.9,343.3,325.7,294.9,260.6,202.0,168.7,153.9,144.8,138.7,126.7
"Juvenile Female Arrest Rates (Arrests of Females Ages 10-17/100,000 Females Ages 10-17)","Curfew and loitering",109.4,137.6,141.5,125.2,148.8,146.8,162.0,166.4,137.9,151.0,165.1,184.5,175.7,196.4,253.7,298.5,359.6,357.4,369.2,323.6,302.7,274.2,268.7,251.2,256.2,256.3,284.5,264.4,252.0,209.9,171.2,138.9,123.9,97.9,90.6,77.5,63.1,54.8,40.5
"Juvenile Female Arrest Rates (Arrests of Females Ages 10-17/100,000 Females Ages 10-17)","Running away",590.1,549.8,552.7,521.6,606.0,666.7,695.6,675.4,691.5,670.3,732.0,735.6,733.5,720.1,967.7,960.8,738.1,739.9,616.4,554.3,518.7,484.2,455.2,437.5,421.7,376.9,385.8,365.5,368.7,312.7,"NA","NA","NA","NA","NA","NA","NA","NA","NA"
"Juvenile Female Arrest Rates (Arrests of Females Ages 10-17/100,000 Females Ages 10-17)","Violent crimes*",61.8,63.0,63.9,61.1,62.7,64.5,68.3,67.6,78.2,91.4,100.1,104.3,117.3,129.6,143.8,148.1,134.2,128.7,123.7,115.0,111.9,109.0,103.5,101.2,100.7,104.3,104.3,99.6,99.2,94.3,84.3,75.5,71.3,61.1,59.2,57.2,57.4,58.2,59.6
"Juvenile Female Arrest Rates (Arrests of Females Ages 10-17/100,000 Females Ages 10-17)","Property crime index",891.6,882.3,903.5,882.1,899.7,967.8,978.0,1039.8,1058.9,1067.9,1114.7,1145.8,1118.6,1159.5,1273.9,1256.6,1262.2,1237.6,1054.5,945.7,947.8,931.1,903.5,864.1,897.8,826.1,761.7,852.9,936.9,951.5,839.7,735.6,628.4,508.2,484.0,433.7,378.1,312.0,257
"White Juvenile Arrest Rates (Arrests of Whites Ages 0 to 17/100,000 Whites Ages 10 to 17)","All crimes",6051.4,5818.5,5995.2,5563.0,5657.5,6022.9,6255.5,6268.5,6615.4,6599.1,6567.2,6724.1,6438.8,6563.9,7183.3,7247.4,7649.3,7426.7,6784.5,6213.2,5993.6,5665.1,5732.0,5521.3,5420.8,5197.8,5371.8,5270.3,5123.6,4644.2,4242.9,3787.3,3362.7,2706.4,2548.9,2302.6,2112.7,1981.6,1792.7
"White Juvenile Arrest Rates (Arrests of Whites Ages 0 to 17/100,000 Whites Ages 10 to 17)","Murder and nonneglient manslaughter",4.0,3.9,3.6,3.2,3.0,3.2,3.6,3.5,4.5,4.7,5.7,6.0,5.8,5.8,6.1,5.4,4.6,4.0,3.9,2.5,2.1,2.1,2.3,2.2,1.9,2.0,1.9,2.1,1.9,1.8,1.7,1.5,1.3,1.1,1.3,1.2,1.2,1.4,1.5
"White Juvenile Arrest Rates (Arrests of Whites Ages 0 to 17/100,000 Whites Ages 10 to 17)","Forcible rape*",7.9,7.8,8.6,8.9,10.8,11.8,11.5,11.1,12.3,14.1,14.0,15.8,14.7,15.2,14.3,12.7,13.1,12.6,12.6,11.9,10.8,10.5,11.0,9.9,10.1,9.7,8.8,8.5,8.0,7.8,7.0,7.0,6.4,"NA","NA","NA","NA","NA","NA"
"White Juvenile Arrest Rates (Arrests of Whites Ages 0 to 17/100,000 Whites Ages 10 to 17)","Robbery",58.5,55.1,54.2,48.1,44.6,48.0,47.6,43.4,48.5,58.0,64.2,74.6,75.4,76.9,85.5,86.7,81.3,64.3,54.9,45.8,41.7,38.3,35.0,33.1,32.8,33.3,40.6,40.0,42.0,38.1,33.2,28.0,24.6,20.6,20.9,21.8,22.3,24.4,23.2
"White Juvenile Arrest Rates (Arrests of Whites Ages 0 to 17/100,000 Whites Ages 10 to 17)","Aggravated assault",102.1,98.6,102.1,96.5,98.1,106.3,112.5,109.9,127.2,148.8,163.8,176.5,183.6,190.7,201.5,198.1,185.3,184.2,175.7,166.2,155.7,152.9,142.0,135.8,132.8,130.2,128.8,124.7,120.5,107.8,98.7,89.0,78.8,66.5,66.2,63.3,60.6,60.7,61.7
"White Juvenile Arrest Rates (Arrests of Whites Ages 0 to 17/100,000 Whites Ages 10 to 17)","Burglary",664.8,639.9,620.5,562.4,523.4,559.5,541.8,529.7,527.0,524.2,494.3,507.6,481.3,450.0,454.0,420.7,417.4,387.8,341.4,281.4,270.5,251.4,235.4,226.7,215.3,199.3,211.4,204.1,203.4,177.2,157.1,145.4,124.7,98.2,90.3,79.0,70.2,68.7,48.7
"White Juvenile Arrest Rates (Arrests of Whites Ages 0 to 17/100,000 Whites Ages 10 to 17)","Larceny-theft",1251.3,1224.2,1249.9,1231.3,1267.6,1347.6,1404.3,1469.3,1548.6,1545.7,1546.9,1576.5,1477.9,1414.6,1506.9,1492.2,1468.3,1409.7,1170.1,1020.6,983.8,909.2,895.2,847.1,841.0,764.0,712.0,756.5,816.7,802.0,709.6,629.2,543.8,443.9,424.3,374.5,320.6,270.3,207.5
"White Juvenile Arrest Rates (Arrests of Whites Ages 0 to 17/100,000 Whites Ages 10 to 17)","Motor vehicle theft",178.7,151.9,141.6,126.3,131.3,153.3,171.1,184.8,221.0,244.2,244.9,238.9,220.8,212.0,214.2,195.3,176.7,159.1,133.4,114.0,112.0,105.6,98.1,94.8,84.2,76.5,71.0,61.1,50.3,41.9,33.8,30.4,29.7,24.9,25.7,28.8,29.2,29.3,26.4
"White Juvenile Arrest Rates (Arrests of Whites Ages 0 to 17/100,000 Whites Ages 10 to 17)","Arson",29.1,29.3,25.8,26.1,28.5,29.6,28.1,27.3,31.4,31.0,30.6,34.8,35.1,33.4,39.3,34.9,33.3,33.9,28.8,28.4,26.2,30.3,25.0,24.9,22.9,24.0,24.3,21.0,19.4,15.9,13.4,13.9,12.4,10.7,9.0,7.9,7.2,6.5,5
"White Juvenile Arrest Rates (Arrests of Whites Ages 0 to 17/100,000 Whites Ages 10 to 17)","Simple assault",229.5,221.5,230.9,233.1,223.6,266.7,287.8,312.7,350.6,390.9,422.9,445.7,460.1,494.9,559.7,560.8,609.6,629.8,620.2,593.2,592.0,588.5,564.2,556.0,571.4,557.4,563.2,542.8,528.1,502.8,491.5,444.3,400.1,333.3,315.7,304.7,294.7,282.3,292.3
"White Juvenile Arrest Rates (Arrests of Whites Ages 0 to 17/100,000 Whites Ages 10 to 17)","Vandalism",423.9,392.3,376.2,379.0,393.5,416.8,405.5,420.5,441.3,456.2,489.3,523.1,519.0,498.8,524.2,463.2,469.1,447.7,410.0,372.6,361.7,326.7,323.0,321.6,311.1,309.0,351.9,334.4,325.0,276.2,234.7,202.7,177.0,136.6,129.6,116.3,107.4,101.1,82.4
"White Juvenile Arrest Rates (Arrests of Whites Ages 0 to 17/100,000 Whites Ages 10 to 17)","Weapons law violations",73.9,75.2,75.6,71.4,78.2,90.0,89.1,85.1,99.3,105.8,111.8,130.8,142.2,161.9,167.0,149.6,139.0,136.5,117.6,108.2,93.4,93.1,88.5,96.4,98.7,103.9,109.3,100.9,92.7,79.9,75.9,67.3,58.7,48.0,47.5,43.3,41.4,39,37.1
"White Juvenile Arrest Rates (Arrests of Whites Ages 0 to 17/100,000 Whites Ages 10 to 17)","Drug abuse violations",368.7,303.4,304.5,261.3,281.4,312.0,257.3,258.0,273.8,270.9,187.5,168.4,194.3,266.6,413.9,507.1,554.4,572.3,531.9,516.3,539.8,554.6,511.0,539.1,520.3,506.4,514.5,517.0,492.1,479.8,492.7,433.3,408.3,339.4,334.5,295.2,292.5,279.4,264.9
"White Juvenile Arrest Rates (Arrests of Whites Ages 0 to 17/100,000 Whites Ages 10 to 17)","Driving under the influence",123.9,118.7,129.3,121.7,104.1,102.1,120.3,105.3,105.9,89.5,88.7,78.5,60.6,53.7,53.5,57.3,68.5,72.9,76.5,81.6,77.1,74.8,77.3,74.3,70.2,63.5,70.9,64.3,56.6,48.1,42.8,36.3,34.0,27.3,25.0,23.3,22.9,21.4,19
"White Juvenile Arrest Rates (Arrests of Whites Ages 0 to 17/100,000 Whites Ages 10 to 17)","Liquor law violations",576.9,560.6,581.3,536.2,545.7,580.4,694.6,692.7,732.1,668.6,673.2,600.7,485.3,455.3,472.1,480.3,594.5,505.1,491.8,492.1,464.2,380.8,510.4,465.6,437.1,433.2,483.4,483.9,451.0,383.5,327.1,306.8,271.0,205.7,179.3,150.3,128.4,116.4,91.3
"White Juvenile Arrest Rates (Arrests of Whites Ages 0 to 17/100,000 Whites Ages 10 to 17)","Drunkenness",163.6,148.4,158.6,129.2,124.1,113.4,130.5,101.3,100.8,89.8,99.2,88.4,73.4,64.4,68.6,75.2,85.7,87.8,89.6,74.0,77.1,71.5,64.2,58.3,56.4,53.5,55.4,57.8,53.3,47.6,43.9,39.1,34.2,25.2,22.1,18.0,15.8,13.3,10.4
"White Juvenile Arrest Rates (Arrests of Whites Ages 0 to 17/100,000 Whites Ages 10 to 17)","Disorderly conduct",379.2,338.4,363.4,319.3,289.9,302.8,317.3,324.8,357.8,364.2,369.0,391.9,389.5,405.7,476.2,467.6,570.6,572.3,484.8,433.7,409.9,397.3,471.5,455.9,462.7,454.4,463.6,447.7,419.2,376.6,351.6,312.6,262.4,202.3,170.8,155.6,139.5,134.8,126.4
"White Juvenile Arrest Rates (Arrests of Whites Ages 0 to 17/100,000 Whites Ages 10 to 17)","Curfew and loitering",226.0,273.3,262.1,224.2,267.9,266.5,294.1,294.0,239.5,266.0,281.5,325.0,308.4,341.3,414.9,476.3,554.5,517.5,545.4,485.5,441.7,396.0,370.3,350.5,344.1,331.7,356.4,350.4,327.0,266.4,219.5,185.0,158.3,117.1,109.3,93.8,76.3,67,49
"White Juvenile Arrest Rates (Arrests of Whites Ages 0 to 17/100,000 Whites Ages 10 to 17)","Running away",507.3,486.6,484.2,466.7,543.1,599.4,620.6,604.6,628.9,605.4,644.0,638.8,632.8,613.8,818.8,806.7,630.4,620.7,519.8,458.8,430.7,393.8,364.0,346.2,331.1,293.3,299.8,280.7,280.4,237.5,"NA","NA","NA","NA","NA","NA","NA","NA","NA"
"White Juvenile Arrest Rates (Arrests of Whites Ages 0 to 17/100,000 Whites Ages 10 to 17)","Violent crimes*",164.6,157.6,159.9,147.9,145.7,157.5,163.6,156.8,180.2,211.5,233.6,257.1,264.8,273.5,293.0,290.1,271.2,252.5,234.5,214.5,199.4,193.3,179.3,171.1,167.5,165.5,171.2,166.8,164.4,147.7,133.5,118.5,104.7,88.2,88.4,86.3,84.1,86.4,86.4
"White Juvenile Arrest Rates (Arrests of Whites Ages 0 to 17/100,000 Whites Ages 10 to 17)","Property crime index",2123.9,2045.2,2037.7,1946.1,1950.8,2090.1,2145.4,2211.1,2327.9,2345.0,2316.7,2357.7,2215.0,2110.1,2214.4,2143.1,2095.7,1990.5,1673.6,1444.4,1392.5,1296.6,1253.8,1193.5,1163.5,1063.9,1018.8,1042.6,1089.8,1037.1,914.0,819.1,710.6,577.7,549.4,490.2,427.3,374.7,287.4
"Black Juvenile Arrest Rates (Arrests of Blacks Ages 0 to 17/100,000 Blacks Ages 10 to 17)","All crimes",9912.9,11152.4,11731.8,10653.5,10453.3,10835.2,11388.0,11784.8,12966.0,13765.1,12949.5,13578.9,13826.6,14376.1,15279.6,15354.7,14838.5,14270.7,12673.7,11293.1,10738.6,10573.3,10255.7,10287.4,10278.0,10745.5,10954.2,10920.5,10755.2,10100.8,9137.1,8375.6,7817.1,6798.1,6537.5,5752.7,5447.9,5149.6,4618.3
"Black Juvenile Arrest Rates (Arrests of Blacks Ages 0 to 17/100,000 Blacks Ages 10 to 17)","Murder and nonneglient manslaughter",17.2,22.7,20.2,16.2,14.3,17.9,19.4,23.1,31.4,38.7,43.9,44.7,42.5,51.5,46.4,39.8,32.4,27.0,19.8,14.3,11.6,11.6,12.2,11.4,10.0,11.9,13.0,13.2,12.9,12.0,10.1,8.1,6.9,8.2,7.8,8.7,9.5,10.1,9.7
"Black Juvenile Arrest Rates (Arrests of Blacks Ages 0 to 17/100,000 Blacks Ages 10 to 17)","Forcible rape*",56.1,60.0,61.0,63.1,69.6,68.1,74.0,74.3,66.7,68.4,64.5,64.5,63.5,60.4,53.4,52.6,47.8,45.8,40.7,32.2,30.4,32.3,30.8,25.9,25.7,23.8,21.0,22.3,20.8,18.4,18.2,17.7,15.4,"NA","NA","NA","NA","NA","NA"
"Black Juvenile Arrest Rates (Arrests of Blacks Ages 0 to 17/100,000 Blacks Ages 10 to 17)","Robbery",656.1,681.6,621.8,601.2,568.5,550.2,533.3,494.8,502.5,589.0,602.0,631.5,630.0,672.2,727.4,711.7,594.5,472.5,389.9,339.4,308.0,297.2,268.8,284.8,283.7,341.4,406.7,403.5,416.9,377.8,325.2,292.6,269.8,252.9,256.4,233.6,242.6,235.0,202
"Black Juvenile Arrest Rates (Arrests of Blacks Ages 0 to 17/100,000 Blacks Ages 10 to 17)","Aggravated assault",310.7,328.2,341.9,334.4,362.8,400.7,449.7,466.7,563.5,641.5,662.8,651.2,720.9,746.9,772.9,748.3,616.5,591.9,534.4,485.8,467.4,449.5,426.5,425.1,419.4,446.3,434.6,403.4,411.1,372.4,330.4,308.7,282.5,246.7,236.9,218.5,220,219,208.9
"Black Juvenile Arrest Rates (Arrests of Blacks Ages 0 to 17/100,000 Blacks Ages 10 to 17)","Burglary",1287.4,1282.3,1235.5,1063.2,903.3,917.0,913.6,864.4,855.8,807.4,742.6,720.4,735.1,705.9,728.2,695.3,631.5,617.6,544.0,473.5,446.9,416.1,407.0,399.5,394.8,418.7,448.7,460.4,510.8,491.5,423.1,428.0,382.7,316.6,311.5,272.7,245.7,231.1,170.5
"Black Juvenile Arrest Rates (Arrests of Blacks Ages 0 to 17/100,000 Blacks Ages 10 to 17)","Larceny-theft",2730.1,2798.9,2934.8,2831.2,2848.4,2887.3,2870.9,2803.3,2876.5,2751.1,2652.1,2682.4,2560.1,2591.0,2895.8,2822.9,2590.7,2575.2,2177.0,1933.2,1854.1,1777.2,1637.2,1568.4,1537.3,1426.2,1392.4,1577.1,1757.9,1788.1,1605.4,1531.5,1427.3,1248.2,1193.1,1036.5,891.8,843.8,679.2
"Black Juvenile Arrest Rates (Arrests of Blacks Ages 0 to 17/100,000 Blacks Ages 10 to 17)","Motor vehicle theft",340.1,282.9,254.8,244.2,267.9,353.6,495.8,589.3,785.4,911.6,838.4,807.4,789.0,786.8,754.2,657.2,554.7,482.1,363.5,375.5,381.5,358.2,336.2,318.7,280.1,288.7,254.7,215.7,195.5,151.1,118.7,106.2,94.3,93.4,109.6,127.7,145.7,153.5,140.2
"Black Juvenile Arrest Rates (Arrests of Blacks Ages 0 to 17/100,000 Blacks Ages 10 to 17)","Arson",27.6,27.9,28.5,26.0,26.4,25.5,26.1,25.8,31.5,29.4,32.2,32.8,32.3,36.3,43.0,40.1,35.7,39.7,31.3,30.9,29.9,28.6,27.1,24.8,25.8,25.8,25.3,25.9,22.4,19.3,17.9,22.8,20.6,16.1,14.5,11.3,11.5,10.1,9.6
"Black Juvenile Arrest Rates (Arrests of Blacks Ages 0 to 17/100,000 Blacks Ages 10 to 17)","Simple assault",615.7,619.8,684.6,708.4,683.1,804.6,873.4,1005.4,1126.4,1280.3,1269.2,1410.2,1421.6,1513.6,1602.8,1643.5,1650.3,1670.1,1538.6,1473.4,1469.4,1532.4,1516.4,1584.7,1661.1,1686.7,1656.6,1628.8,1578.3,1513.0,1421.3,1323.0,1234.2,1098.4,1067.0,942.8,944.7,883.8,872.9
"Black Juvenile Arrest Rates (Arrests of Blacks Ages 0 to 17/100,000 Blacks Ages 10 to 17)","Vandalism",332.5,362.9,364.9,365.1,392.5,436.9,417.2,429.1,469.4,503.9,532.2,544.8,539.0,526.4,536.7,509.6,485.9,471.9,423.3,358.4,346.1,339.5,327.1,339.9,323.8,353.9,380.2,361.2,347.8,305.6,270.3,262.9,248.6,206.2,211.5,206.5,198.7,186.4,161.8
"Black Juvenile Arrest Rates (Arrests of Blacks Ages 0 to 17/100,000 Blacks Ages 10 to 17)","Weapons law violations",158.5,182.0,181.2,179.1,192.6,203.6,224.9,240.1,331.4,369.6,347.0,431.3,469.6,499.9,477.4,418.0,361.3,348.0,284.1,251.4,222.7,226.0,204.3,226.9,238.3,288.2,297.2,282.8,263.0,223.3,201.4,189.3,167.6,142.4,154.0,145.0,155.7,146.8,133.9
"Black Juvenile Arrest Rates (Arrests of Blacks Ages 0 to 17/100,000 Blacks Ages 10 to 17)","Drug abuse violations",336.8,332.1,363.3,342.8,388.5,478.7,540.7,696.9,1033.9,1270.7,935.0,975.4,1006.2,1091.4,1277.3,1491.7,1506.8,1421.5,1283.7,1117.2,1060.9,991.3,894.0,930.5,931.9,970.1,1006.9,978.5,850.7,765.6,723.7,624.3,598.9,521.6,480.6,396.9,399.1,383.6,376.4
"Black Juvenile Arrest Rates (Arrests of Blacks Ages 0 to 17/100,000 Blacks Ages 10 to 17)","Driving under the influence",19.5,16.8,20.2,17.7,15.3,15.9,20.5,15.8,20.3,15.7,16.5,18.5,18.1,16.5,19.2,19.0,21.0,21.8,23.5,22.4,18.9,16.3,16.6,14.0,12.7,12.2,12.0,13.7,12.1,12.2,12.2,9.9,8.7,7.3,7.4,7.2,8,7.3,6.9
"Black Juvenile Arrest Rates (Arrests of Blacks Ages 0 to 17/100,000 Blacks Ages 10 to 17)","Liquor law violations",76.2,84.8,102.6,94.7,84.7,97.9,118.5,119.3,136.8,143.3,157.1,165.8,146.6,135.3,134.4,142.6,173.4,164.6,171.5,145.9,131.5,111.0,113.4,100.4,100.6,101.0,115.0,121.5,127.1,119.4,118.1,108.3,99.9,79.6,67.9,53.1,45.3,36.5,30.9
"Black Juvenile Arrest Rates (Arrests of Blacks Ages 0 to 17/100,000 Blacks Ages 10 to 17)","Drunkenness",41.2,38.1,46.1,43.1,38.9,31.9,47.5,34.0,36.6,43.5,54.8,46.9,41.1,34.7,41.9,40.8,42.9,41.4,35.4,30.4,29.4,28.1,25.1,26.9,23.2,22.8,22.7,22.4,22.1,21.7,19.2,19.8,16.2,12.6,11.5,9.2,8.7,6.6,7.6
"Black Juvenile Arrest Rates (Arrests of Blacks Ages 0 to 17/100,000 Blacks Ages 10 to 17)","Disorderly conduct",669.1,820.4,1046.6,753.5,597.9,612.6,630.9,722.6,894.0,952.8,889.7,1027.1,1043.1,1113.9,1203.7,1286.3,1501.5,1421.4,1136.3,1026.6,1009.2,1101.5,1199.7,1242.8,1288.6,1404.0,1431.7,1424.1,1341.7,1239.8,1123.2,1025.3,935.1,781.9,661.3,554.5,532.6,487.1,443.8
"Black Juvenile Arrest Rates (Arrests of Blacks Ages 0 to 17/100,000 Blacks Ages 10 to 17)","Curfew and loitering",263.8,570.5,592.0,479.0,536.8,440.2,428.1,514.6,417.0,435.4,399.2,436.6,414.8,382.7,557.5,642.7,905.5,995.3,939.5,785.8,695.4,682.9,736.1,738.0,773.9,877.5,971.5,835.9,797.9,735.5,646.7,496.9,507.9,465.5,456.1,368.3,255.7,223.1,164.3
"Black Juvenile Arrest Rates (Arrests of Blacks Ages 0 to 17/100,000 Blacks Ages 10 to 17)","Running away",467.9,653.4,425.6,363.3,413.8,483.7,507.9,520.9,566.2,583.6,661.3,683.3,673.5,653.1,988.0,957.8,657.3,679.3,563.0,501.1,461.0,451.8,408.4,439.2,444.0,438.2,478.7,481.7,509.5,443.3,"NA","NA","NA","NA","NA","NA","NA","NA","NA"
"Black Juvenile Arrest Rates (Arrests of Blacks Ages 0 to 17/100,000 Blacks Ages 10 to 17)","Violent crimes*",983.9,1032.5,983.8,951.8,945.6,968.8,1002.3,984.6,1097.4,1269.3,1308.7,1327.4,1393.4,1470.7,1546.8,1499.8,1243.4,1091.5,944.1,839.5,786.9,758.3,707.6,721.3,713.0,799.5,854.3,820.1,841.0,762.2,665.6,609.4,559.2,507.8,501.1,460.8,472.1,464.1,420.6
"Black Juvenile Arrest Rates (Arrests of Blacks Ages 0 to 17/100,000 Blacks Ages 10 to 17)","Property crime index",4385.3,4392.1,4453.6,4164.5,4045.9,4183.5,4306.5,4282.9,4549.3,4499.5,4265.3,4242.9,4116.5,4119.9,4421.2,4215.5,3812.6,3714.7,3115.9,2813.1,2712.5,2580.2,2407.6,2311.4,2238.0,2159.3,2121.1,2279.1,2486.7,2450.0,2165.0,2088.5,1924.9,1674.2,1628.7,1448.2,1294.6,1238.5,999.5
"American Indian Juvenile Arrest Rates (Arrests of American Indians Ages 0 to 17/100,000 American Indians Ages 10 to 17)","All crimes",6798.6,5524.2,5825.9,5068.2,5059.9,5818.8,5632.1,6129.5,6395.1,6623.0,6577.0,6507.0,6407.6,7048.6,7638.8,8119.4,8424.1,8318.4,6562.6,6344.3,5687.0,5028.2,5266.0,4935.6,4630.2,4683.9,4397.1,4307.3,3826.8,3665.8,3348.3,3297.9,3053.2,2682.6,2371.4,2605.8,2405.8,2727.5,2251.2
"American Indian Juvenile Arrest Rates (Arrests of American Indians Ages 0 to 17/100,000 American Indians Ages 10 to 17)","Murder and nonneglient manslaughter",4.6,2.7,8.3,4.9,3.0,1.8,6.1,7.0,4.1,4.7,4.2,6.2,3.5,5.6,5.6,8.2,4.9,2.9,13.1,5.3,2.3,6.8,4.9,2.4,1.8,4.5,1.4,3.5,1.0,1.7,0.8,1.0,2.0,2.0,1.0,1.1,1.9,1.1,1.3
"American Indian Juvenile Arrest Rates (Arrests of American Indians Ages 0 to 17/100,000 American Indians Ages 10 to 17)","Forcible rape*",16.9,6.5,16.6,12.4,15.1,13.4,11.8,8.4,11.0,15.0,13.8,9.6,19.5,13.8,21.8,10.0,13.6,11.2,14.5,12.2,9.2,6.6,10.7,12.4,10.7,7.4,7.6,5.9,4.8,3.9,4.5,2.8,5.2,"NA","NA","NA","NA","NA","NA"
"American Indian Juvenile Arrest Rates (Arrests of American Indians Ages 0 to 17/100,000 American Indians Ages 10 to 17)","Robbery",54.5,49.0,49.0,44.9,32.5,37.8,40.3,40.9,45.6,43.3,41.0,59.6,58.2,56.5,71.2,77.5,61.2,60.2,44.8,43.2,38.6,25.6,24.3,24.5,17.5,25.0,28.2,27.9,20.5,23.5,21.1,17.3,18.9,12.4,18.0,13.0,19.4,13.7,15.4
"American Indian Juvenile Arrest Rates (Arrests of American Indians Ages 0 to 17/100,000 American Indians Ages 10 to 17)","Aggravated assault",128.9,102.1,130.1,98.8,101.6,129.0,116.2,127.2,156.9,153.1,164.5,151.6,166.7,205.3,223.4,231.3,208.4,190.4,175.0,164.3,149.9,134.8,142.1,118.7,126.4,118.6,136.5,108.8,91.7,89.2,87.9,83.6,67.8,64.7,53.9,72.3,72.7,93.6,79.6
"American Indian Juvenile Arrest Rates (Arrests of American Indians Ages 0 to 17/100,000 American Indians Ages 10 to 17)","Burglary",685.4,586.7,598.3,461.3,482.8,496.2,461.2,502.3,530.3,534.2,507.2,554.4,446.1,503.3,491.4,468.8,475.3,420.5,336.9,272.1,235.2,224.0,195.5,207.7,181.9,143.8,164.2,147.8,120.0,109.7,85.4,86.9,77.4,70.9,63.6,74.2,72.8,80.9,60.5
"American Indian Juvenile Arrest Rates (Arrests of American Indians Ages 0 to 17/100,000 American Indians Ages 10 to 17)","Larceny-theft",1714.5,1383.3,1512.7,1466.1,1612.3,1825.5,1774.0,1673.9,1862.8,1934.6,1762.3,1750.0,1661.9,1731.2,1755.1,1758.6,1914.3,1820.0,1421.9,1298.7,1174.6,986.5,932.9,890.8,842.5,772.4,601.8,662.0,638.2,660.3,608.2,600.0,537.7,492.0,445.6,377.9,365.3,327.5,246.8
"American Indian Juvenile Arrest Rates (Arrests of American Indians Ages 0 to 17/100,000 American Indians Ages 10 to 17)","Motor vehicle theft",253.5,188.2,180.3,137.0,161.8,197.0,229.5,237.7,241.5,340.9,270.9,283.1,261.6,289.3,301.9,332.3,279.9,274.4,177.8,147.6,150.5,127.9,118.8,117.6,95.2,88.6,69.1,76.7,52.6,51.2,36.3,29.4,31.7,27.2,23.5,38.2,39.7,51.4,45.8
"American Indian Juvenile Arrest Rates (Arrests of American Indians Ages 0 to 17/100,000 American Indians Ages 10 to 17)","Arson",18.0,22.8,21.1,18.0,27.7,30.5,16.0,22.4,25.0,25.0,24.0,21.3,22.8,25.0,33.3,30.4,27.9,18.1,25.5,20.4,19.1,20.3,13.8,14.9,15.1,14.7,13.0,10.9,10.9,11.9,8.3,6.0,4.5,8.7,6.7,12.6,10.1,4,5.8
"American Indian Juvenile Arrest Rates (Arrests of American Indians Ages 0 to 17/100,000 American Indians Ages 10 to 17)","Simple assault",265.8,252.8,238.4,228.0,217.9,262.4,267.7,283.8,354.5,401.1,443.4,430.0,494.0,584.9,663.4,661.4,681.4,735.8,596.5,602.1,581.4,547.9,519.8,469.1,472.4,510.9,494.2,436.7,386.0,395.0,366.3,373.0,333.3,311.1,273.1,288.9,296.8,327.3,337.1
"American Indian Juvenile Arrest Rates (Arrests of American Indians Ages 0 to 17/100,000 American Indians Ages 10 to 17)","Vandalism",315.7,236.4,246.0,222.4,226.8,280.3,285.2,290.5,297.0,306.6,370.3,334.9,368.3,411.1,437.6,448.4,441.0,414.3,322.9,345.8,279.9,248.0,244.8,253.1,229.9,233.5,228.3,244.6,216.3,181.0,158.8,150.3,135.0,108.5,106.2,110.3,129.3,111.8,108.2
"American Indian Juvenile Arrest Rates (Arrests of American Indians Ages 0 to 17/100,000 American Indians Ages 10 to 17)","Weapons law violations",73.3,60.7,44.9,35.9,38.0,50.9,47.1,50.3,49.0,60.6,55.8,71.3,95.2,105.2,130.6,133.9,125.0,119.7,81.3,89.7,65.4,61.2,57.1,51.3,65.2,63.6,69.2,59.8,50.5,45.5,37.6,36.5,31.8,29.7,24.0,29.4,33.7,33.2,29.1
"American Indian Juvenile Arrest Rates (Arrests of American Indians Ages 0 to 17/100,000 American Indians Ages 10 to 17)","Drug abuse violations",202.9,171.5,184.1,143.8,156.6,156.7,123.3,141.2,166.1,168.4,111.2,86.4,111.1,153.5,233.6,334.1,380.1,399.5,378.5,361.0,318.7,329.6,308.4,330.2,300.6,325.7,289.5,298.8,254.9,271.9,303.3,284.1,272.0,262.0,268.7,293.1,259.6,287.3,297.4
"American Indian Juvenile Arrest Rates (Arrests of American Indians Ages 0 to 17/100,000 American Indians Ages 10 to 17)","Driving under the influence",136.2,124.5,129.8,111.6,92.7,111.6,109.1,101.0,115.4,103.9,102.6,87.1,95.5,88.9,64.8,80.4,90.3,88.8,99.7,94.7,75.9,75.3,78.4,67.3,60.6,58.1,61.3,57.3,51.0,42.6,33.8,34.5,27.1,25.0,22.9,38.9,27.8,33.2,29.4
"American Indian Juvenile Arrest Rates (Arrests of American Indians Ages 0 to 17/100,000 American Indians Ages 10 to 17)","Liquor law violations",626.7,755.2,880.5,753.7,583.2,796.4,687.9,1014.7,842.7,835.2,1047.1,983.2,870.9,834.3,857.0,993.7,1083.9,1063.5,804.3,856.2,732.8,591.3,751.4,710.1,607.8,617.3,678.5,665.8,618.7,579.6,491.8,489.5,414.1,361.1,272.6,290.1,222.8,279,209.9
"American Indian Juvenile Arrest Rates (Arrests of American Indians Ages 0 to 17/100,000 American Indians Ages 10 to 17)","Drunkenness",394.3,342.7,350.4,230.3,195.0,158.5,182.9,147.9,164.4,165.1,130.5,114.2,101.1,81.8,97.0,120.0,133.9,111.8,176.2,55.6,91.2,78.2,69.9,68.6,59.9,62.2,50.4,62.7,60.6,45.6,46.9,46.5,36.5,31.7,27.7,58.3,40.5,87.1,29.5
"American Indian Juvenile Arrest Rates (Arrests of American Indians Ages 0 to 17/100,000 American Indians Ages 10 to 17)","Disorderly conduct",422.3,248.2,231.2,231.8,179.9,189.4,204.2,215.0,280.5,247.0,273.5,257.1,281.4,327.0,427.2,429.6,494.5,528.8,338.3,409.3,295.6,306.8,449.2,376.7,406.6,456.6,442.9,367.6,308.8,292.8,272.2,265.7,241.0,191.3,176.4,228.6,172.6,225.5,186.2
"American Indian Juvenile Arrest Rates (Arrests of American Indians Ages 0 to 17/100,000 American Indians Ages 10 to 17)","Curfew and loitering",407.3,204.9,207.1,201.1,213.9,272.3,234.5,386.9,240.8,226.7,267.7,226.0,262.5,370.6,427.4,530.1,566.0,617.0,475.4,450.5,434.2,284.0,308.4,201.1,171.4,219.1,208.6,218.3,177.9,183.7,166.9,177.0,179.1,124.7,101.8,87.2,88.9,88.1,58.1
"American Indian Juvenile Arrest Rates (Arrests of American Indians Ages 0 to 17/100,000 American Indians Ages 10 to 17)","Running away",732.2,439.9,421.0,427.9,511.9,544.2,606.7,548.8,765.3,683.0,732.2,593.9,634.7,692.0,588.4,602.2,573.7,556.4,410.2,392.7,447.0,331.8,332.5,392.0,349.3,362.0,370.2,367.8,352.2,348.9,"NA","NA","NA","NA","NA","NA","NA","NA","NA"
"American Indian Juvenile Arrest Rates (Arrests of American Indians Ages 0 to 17/100,000 American Indians Ages 10 to 17)","Violent crimes*",187.9,153.7,187.5,148.6,137.0,168.7,162.5,175.1,206.6,201.0,209.7,217.3,228.5,267.4,300.3,317.1,274.5,253.4,232.9,212.7,190.8,167.2,171.2,145.7,145.7,148.1,166.1,140.2,113.2,114.4,109.7,101.9,88.8,79.1,72.9,86.4,94,108.4,96.3
"American Indian Juvenile Arrest Rates (Arrests of American Indians Ages 0 to 17/100,000 American Indians Ages 10 to 17)","Property crime index",2671.5,2181.1,2312.4,2082.4,2284.1,2549.6,2480.5,2436.3,2659.6,2834.7,2564.5,2608.5,2392.4,2548.9,2581.7,2590.3,2697.4,2532.9,1962.1,1739.0,1579.6,1358.6,1260.8,1231.0,1134.6,1019.8,848.1,897.4,821.5,832.9,738.3,722.2,651.1,598.9,539.4,503.0,487.9,463.7,359
"Asian Juvenile Arrest Rates (Arrests of Asians Ages 0 to 17/100,000 Asians Ages 10 to 17)","All crimes",2820.1,2718.0,2707.1,2362.0,2259.5,2571.0,2485.5,2798.5,3223.8,2104.4,2977.5,3102.5,3056.1,3164.8,3455.0,3284.2,3514.8,3302.0,2637.4,2395.8,2196.9,1974.8,2129.8,1994.3,1809.4,1596.5,1660.1,1650.6,1612.9,1459.9,1293.4,1113.7,1154.5,692.4,622.2,661,610.3,548,457.6
"Asian Juvenile Arrest Rates (Arrests of Asians Ages 0 to 17/100,000 Asians Ages 10 to 17)","Murder and nonneglient manslaughter",2.2,3.8,3.5,2.0,1.0,1.8,3.2,3.2,3.8,3.4,3.5,4.0,3.2,4.1,5.1,4.5,6.3,4.4,3.9,2.5,2.2,3.9,1.5,2.0,1.0,0.8,1.0,0.9,0.9,0.6,0.4,0.2,0.1,0.4,0.4,0.1,0.8,0.4,0.4
"Asian Juvenile Arrest Rates (Arrests of Asians Ages 0 to 17/100,000 Asians Ages 10 to 17)","Forcible rape*",7.2,2.0,5.3,3.6,2.8,3.4,3.9,3.6,4.2,3.7,5.3,5.0,5.3,3.4,4.6,3.9,3.5,3.4,3.3,4.5,1.8,3.1,3.0,2.4,2.2,1.6,1.9,2.2,1.1,2.1,1.1,1.3,1.6,"NA","NA","NA","NA","NA","NA"
"Asian Juvenile Arrest Rates (Arrests of Asians Ages 0 to 17/100,000 Asians Ages 10 to 17)","Robbery",66.8,55.4,59.8,49.9,43.8,38.0,32.2,37.8,48.7,42.1,46.8,61.7,65.1,66.6,75.3,74.0,84.3,57.5,43.2,37.6,37.0,32.1,32.4,25.8,23.8,24.0,25.7,25.8,24.4,22.1,17.5,16.5,18.5,8.4,9.1,12.5,13.0,11.4,11.7
"Asian Juvenile Arrest Rates (Arrests of Asians Ages 0 to 17/100,000 Asians Ages 10 to 17)","Aggravated assault",42.3,37.7,37.2,33.8,34.2,38.8,41.8,41.0,56.9,59.5,72.9,72.4,72.5,82.7,95.6,92.7,91.2,97.9,85.9,76.7,70.6,60.0,55.3,53.6,45.8,40.7,45.4,40.3,36.7,34.3,27.0,22.7,26.5,17.7,20.1,19.1,18.2,16.8,21.3
"Asian Juvenile Arrest Rates (Arrests of Asians Ages 0 to 17/100,000 Asians Ages 10 to 17)","Burglary",328.2,308.2,288.7,212.4,172.4,198.3,185.4,199.0,247.9,173.4,203.4,228.9,219.5,188.3,171.0,165.5,173.9,170.6,136.9,116.6,94.9,80.7,81.9,73.3,61.7,48.1,58.9,51.4,54.8,42.6,39.9,35.1,40.2,28.3,24.0,22.2,22.7,18.5,12.9
"Asian Juvenile Arrest Rates (Arrests of Asians Ages 0 to 17/100,000 Asians Ages 10 to 17)","Larceny-theft",1043.0,944.7,900.4,755.0,671.6,776.8,762.2,858.8,979.0,643.5,836.2,862.7,847.3,869.4,934.8,919.8,957.0,903.1,685.0,600.5,540.0,473.8,491.4,434.2,422.9,349.0,321.5,341.0,340.0,364.3,313.8,268.8,270.5,168.2,138.9,149.9,127.3,111,75.5
"Asian Juvenile Arrest Rates (Arrests of Asians Ages 0 to 17/100,000 Asians Ages 10 to 17)","Motor vehicle theft",146.5,98.5,86.3,78.6,61.8,76.1,91.4,129.9,171.2,149.0,168.8,159.3,141.8,157.9,142.1,141.6,150.3,115.1,82.4,90.3,71.5,56.3,65.7,64.1,47.4,39.0,44.7,31.5,22.2,16.6,12.2,9.4,11.3,6.1,6.4,6.8,8.6,10,7.6
"Asian Juvenile Arrest Rates (Arrests of Asians Ages 0 to 17/100,000 Asians Ages 10 to 17)","Arson",8.2,7.2,6.4,6.0,8.4,7.6,4.8,10.5,11.1,6.5,7.5,11.2,10.1,10.7,9.8,9.9,8.8,11.2,7.4,6.3,6.3,6.6,5.2,4.8,6.9,6.2,8.3,6.9,6.2,4.4,3.8,3.4,3.1,2.2,2.4,1.5,2.5,1.5,1.4
"Asian Juvenile Arrest Rates (Arrests of Asians Ages 0 to 17/100,000 Asians Ages 10 to 17)","Simple assault",158.7,155.2,150.2,157.9,125.4,144.9,149.8,178.8,218.6,127.5,253.9,251.3,236.4,257.7,268.2,259.1,282.2,252.9,226.6,207.3,196.5,188.8,205.6,197.8,196.9,173.6,167.9,157.5,158.8,139.0,134.7,110.9,113.4,68.4,66.8,75.7,69.3,70.4,69.3
"Asian Juvenile Arrest Rates (Arrests of Asians Ages 0 to 17/100,000 Asians Ages 10 to 17)","Vandalism",103.1,88.8,93.4,83.5,89.1,121.5,122.4,132.8,143.5,98.2,150.9,163.2,144.4,191.6,221.7,172.2,160.6,139.2,111.5,104.4,95.2,81.4,88.0,80.3,77.4,74.2,91.7,92.4,84.6,61.9,48.1,43.1,36.8,21.4,21.6,27.0,21.9,16.4,14.3
"Asian Juvenile Arrest Rates (Arrests of Asians Ages 0 to 17/100,000 Asians Ages 10 to 17)","Weapons law violations",43.7,42.2,30.2,28.5,33.3,37.7,37.8,45.7,57.7,46.2,60.4,71.2,68.7,76.4,89.3,73.4,67.1,67.2,48.0,51.4,42.1,36.4,32.8,42.3,36.6,34.7,36.7,33.3,27.1,24.3,22.0,19.9,23.3,17.5,15.3,16.5,14.4,13.8,13.9
"Asian Juvenile Arrest Rates (Arrests of Asians Ages 0 to 17/100,000 Asians Ages 10 to 17)","Drug abuse violations",101.9,125.0,124.9,125.0,120.2,142.2,84.5,93.5,87.9,48.8,55.1,59.9,67.5,76.9,111.4,143.6,159.2,161.8,145.5,136.6,140.9,152.1,146.6,128.9,114.4,114.1,111.5,112.2,108.0,114.4,110.6,108.2,118.5,82.9,80.0,71.0,72.2,78.1,71.3
"Asian Juvenile Arrest Rates (Arrests of Asians Ages 0 to 17/100,000 Asians Ages 10 to 17)","Driving under the influence",11.4,17.7,15.7,12.7,13.5,17.4,13.1,14.4,15.9,7.0,11.4,12.8,8.2,10.5,11.3,12.3,17.2,15.9,17.3,17.9,13.6,12.6,13.9,13.4,15.4,11.1,14.3,11.2,11.9,9.9,10.2,6.9,7.0,6.2,6.0,6.0,5.6,4.4,4.8
"Asian Juvenile Arrest Rates (Arrests of Asians Ages 0 to 17/100,000 Asians Ages 10 to 17)","Liquor law violations",73.4,69.6,70.1,71.4,75.8,94.4,95.1,93.6,102.8,89.4,102.2,96.9,67.3,63.1,85.6,86.5,108.4,107.7,94.3,87.6,65.3,60.2,97.9,98.5,97.5,75.3,105.8,98.4,91.3,84.6,77.2,62.5,66.3,40.1,34.6,31.1,26.2,24.9,18.4
"Asian Juvenile Arrest Rates (Arrests of Asians Ages 0 to 17/100,000 Asians Ages 10 to 17)","Drunkenness",15.8,13.7,11.1,10.2,8.6,7.3,9.1,8.1,9.0,8.3,8.2,6.7,9.6,6.5,6.3,9.7,12.2,12.0,11.5,9.9,10.5,8.4,9.0,9.2,8.7,8.6,9.0,8.2,6.3,6.3,5.3,5.8,7.5,6.1,4.9,3.7,3.4,2.6,2.2
"Asian Juvenile Arrest Rates (Arrests of Asians Ages 0 to 17/100,000 Asians Ages 10 to 17)","Disorderly conduct",45.1,56.5,60.5,43.7,37.1,43.3,44.0,48.5,70.2,67.5,84.8,87.0,89.2,82.5,112.7,107.0,153.3,161.9,120.7,99.4,92.9,97.3,108.0,116.0,106.9,102.0,103.6,91.2,87.6,80.5,68.7,56.6,53.1,38.3,30.2,30.5,25.2,22.9,19.9
"Asian Juvenile Arrest Rates (Arrests of Asians Ages 0 to 17/100,000 Asians Ages 10 to 17)","Curfew and loitering",85.3,99.4,107.9,81.3,134.8,159.4,162.6,161.5,169.2,103.3,181.7,171.4,163.0,200.2,231.8,211.1,262.6,214.2,170.5,157.9,213.2,150.3,152.0,126.2,121.6,106.9,106.6,107.3,102.1,79.8,72.8,63.7,64.9,41.3,36.6,31.3,23.7,23.7,14.5
"Asian Juvenile Arrest Rates (Arrests of Asians Ages 0 to 17/100,000 Asians Ages 10 to 17)","Running away",303.7,261.1,269.0,203.3,265.0,288.0,288.5,279.0,331.5,180.7,373.0,413.0,518.1,529.7,596.6,624.2,583.8,492.6,384.9,359.1,381.4,373.4,431.5,399.6,333.1,284.6,341.0,331.3,318.9,299.3,"NA","NA","NA","NA","NA","NA","NA","NA","NA"
"Asian Juvenile Arrest Rates (Arrests of Asians Ages 0 to 17/100,000 Asians Ages 10 to 17)","Violent crimes*",111.3,96.9,100.5,85.7,79.0,78.5,77.2,82.0,109.4,105.0,123.2,138.1,140.8,153.4,176.0,171.3,181.8,159.8,133.0,116.8,109.8,96.1,89.3,81.3,70.5,65.5,72.2,66.9,61.9,57.0,45.0,39.4,45.0,26.5,29.6,31.6,32,28.6,33.4
"Asian Juvenile Arrest Rates (Arrests of Asians Ages 0 to 17/100,000 Asians Ages 10 to 17)","Property crime index",1525.7,1358.5,1281.8,1052.0,914.1,1058.8,1043.8,1198.4,1409.4,972.3,1215.8,1262.1,1218.7,1226.2,1257.6,1236.8,1290.0,1200.0,911.7,813.7,712.9,617.3,644.1,576.5,539.0,442.3,433.5,430.9,423.2,428.0,369.6,316.7,325.2,204.8,171.6,180.5,161.1,141.0,97.3
